value,time,diag
0.0,2021-09-23 07:07:00,0
1.0,2021-09-23 14:22:00,0
4.0,2021-09-23 14:37:00,0
3.0,2021-09-23 14:52:00,0
4.0,2021-09-23 15:22:00,0
3.0,2021-09-24 00:07:00,0
4.0,2021-09-24 00:22:00,0
0.0,2021-09-24 07:07:00,0
0.0,2021-09-24 10:31:00,1
0.0,2021-09-24 10:51:00,0
0.9999999999999999,2021-09-24 14:07:00,0
4.0,2021-09-24 14:37:00,0
0.0,2021-09-25 07:07:00,0
1.0,2021-09-25 14:37:00,0
3.0,2021-09-25 14:52:00,0
2.0,2021-09-25 15:22:00,0
3.0,2021-09-25 15:37:00,0
4.0,2021-09-25 16:07:00,0
3.0,2021-09-26 06:37:00,0
2.0,2021-09-26 07:07:00,0
0.0,2021-09-26 07:22:00,0
1.0,2021-09-26 08:37:00,0
3.0,2021-09-26 08:52:00,0
4.0,2021-09-26 09:07:00,0
3.0,2021-09-26 10:37:00,0
2.0,2021-09-26 10:52:00,0
3.0,2021-09-26 11:07:00,0
1.0,2021-09-26 11:22:00,0
0.0,2021-09-26 11:37:00,0
1.0,2021-09-26 14:07:00,0
3.0,2021-09-26 14:22:00,0
4.0,2021-09-26 14:37:00,0
5.0,2021-09-27 05:41:00,0
4.0,2021-09-27 05:52:00,0
2.0,2021-09-27 07:07:00,0
0.0,2021-09-27 07:22:00,0
1.0,2021-09-27 15:22:00,0
3.0,2021-09-27 15:37:00,0
4.0,2021-09-27 16:22:00,0
3.0,2021-09-27 20:52:00,0
4.0,2021-09-27 21:07:00,0
3.0,2021-09-28 07:07:00,0
0.0,2021-09-28 07:22:00,0
1.0,2021-09-28 13:37:00,0
0.0,2021-09-28 13:52:00,0
1.9999999999999998,2021-09-28 14:52:00,0
3.0,2021-09-28 15:07:00,0
4.0,2021-09-28 15:52:00,0
3.0,2021-09-29 07:22:00,0
2.0,2021-09-29 08:07:00,0
2.220446049250313e-16,2021-09-29 08:22:00,0
1.0,2021-09-29 13:22:00,0
0.7086019116045037,2021-09-29 13:44:00,1
0.0,2021-09-29 14:37:00,0
1.0,2021-09-29 15:07:00,0
3.0,2021-09-29 15:22:00,0
4.0,2021-09-29 15:37:00,0
4.0,2021-09-30 03:57:00,1
4.0,2021-09-30 04:05:00,0
4.0,2021-09-30 04:26:00,1
4.0,2021-09-30 04:34:00,0
4.0,2021-09-30 05:40:00,1
4.0,2021-09-30 05:52:00,0
3.0,2021-09-30 07:14:00,0
1.291270526895213,2021-09-30 07:36:00,1
0.0,2021-09-30 07:53:00,0
0.0,2021-09-30 09:17:00,1
0.0,2021-09-30 09:29:00,0
0.0,2021-09-30 10:43:00,1
0.0,2021-09-30 10:48:00,0
0.0,2021-09-30 11:17:00,1
0.0,2021-09-30 11:26:00,0
0.0,2021-09-30 12:04:00,1
0.0,2021-09-30 12:04:00,0
1.0,2021-09-30 13:58:00,0
0.0,2021-09-30 14:18:00,0
1.0,2021-09-30 14:37:00,0
2.0,2021-09-30 15:07:00,0
2.0,2021-09-30 15:28:00,1
2.0,2021-09-30 15:33:00,0
3.0,2021-09-30 15:38:00,0
3.7650054564920468,2021-09-30 16:13:00,1
4.0,2021-09-30 16:23:00,0
4.0,2021-09-30 16:45:00,1
4.0,2021-09-30 16:54:00,0
4.0,2021-09-30 17:15:00,1
4.0,2021-09-30 18:37:00,0
5.0,2021-09-30 18:45:00,0
5.0,2021-09-30 19:13:00,1
5.0,2021-09-30 19:45:00,0
5.0,2021-09-30 20:06:00,1
5.0,2021-10-01 03:49:00,0
4.575725026881439,2021-10-01 04:24:00,1
0.0,2021-10-01 10:33:00,0
0.0,2021-10-01 11:15:00,1
0.0,2021-10-01 11:28:00,0
0.0,2021-10-01 11:50:00,1
0.0,2021-10-01 12:47:00,0
0.0,2021-10-01 13:24:00,1
0.0,2021-10-01 14:07:00,0
7.0,2021-10-01 14:29:00,0
8.881784197001252e-16,2021-10-01 14:38:00,0
6.0,2021-10-01 14:40:00,0
0.0,2021-10-01 14:50:00,0
0.0,2021-10-01 15:11:00,1
0.0,2021-10-01 15:24:00,0
2.9999999999999996,2021-10-01 15:54:00,0
4.0,2021-10-01 16:11:00,0
4.518998272845607,2021-10-01 16:31:00,1
5.0,2021-10-01 16:50:00,0
6.0,2021-10-01 16:59:00,0
5.541459686755818,2021-10-01 17:19:00,1
5.0,2021-10-01 17:43:00,0
5.017269851940278,2021-10-01 18:03:00,1
6.0,2021-10-02 13:34:00,0
5.0,2021-10-02 13:38:00,0
4.834187480555528,2021-10-02 15:05:00,1
4.542221544832575,2021-10-02 17:38:00,1
0.0,2021-10-04 09:22:00,0
2.0,2021-10-04 11:37:00,0
4.0,2021-10-04 12:52:00,0
3.0,2021-10-04 13:07:00,0
1.0,2021-10-04 13:22:00,0
3.0,2021-10-04 13:37:00,0
4.0,2021-10-04 13:52:00,0
6.0,2021-10-04 20:02:00,0
4.0,2021-10-04 20:07:00,0
5.0,2021-10-04 20:22:00,0
6.0,2021-10-04 20:24:00,0
4.0,2021-10-04 20:37:00,0
5.0,2021-10-05 06:15:00,0
4.0,2021-10-05 06:22:00,0
2.0,2021-10-05 07:22:00,0
0.0,2021-10-05 07:52:00,0
2.0,2021-10-05 08:07:00,0
3.0,2021-10-05 08:22:00,0
2.0,2021-10-05 08:37:00,0
0.0,2021-10-05 09:37:00,0
1.0,2021-10-05 11:07:00,0
0.0,2021-10-05 11:22:00,0
1.0,2021-10-05 11:52:00,0
0.0,2021-10-05 12:07:00,0
3.0000000000000004,2021-10-05 12:22:00,0
2.0,2021-10-05 12:52:00,0
3.0,2021-10-05 13:07:00,0
4.0,2021-10-05 13:37:00,0
3.0,2021-10-05 14:22:00,0
4.0,2021-10-05 14:37:00,0
3.0,2021-10-05 15:22:00,0
4.0,2021-10-05 15:37:00,0
5.0,2021-10-06 07:15:00,0
4.0,2021-10-06 07:17:00,0
3.0,2021-10-06 08:37:00,0
2.0,2021-10-06 09:22:00,0
0.0,2021-10-06 09:52:00,0
1.0,2021-10-06 14:07:00,0
0.0,2021-10-06 14:37:00,0
1.0,2021-10-06 14:52:00,0
3.0,2021-10-06 15:07:00,0
4.0,2021-10-06 15:22:00,0
3.0,2021-10-07 06:37:00,0
2.0,2021-10-07 07:37:00,0
1.0,2021-10-07 07:52:00,0
0.0,2021-10-07 08:22:00,0
1.0,2021-10-07 14:37:00,0
3.0,2021-10-07 14:52:00,0
1.0,2021-10-07 15:22:00,0
2.0,2021-10-07 15:37:00,0
4.0,2021-10-07 15:52:00,0
5.0,2021-10-07 16:09:00,0
4.0,2021-10-07 16:09:00,0
2.0,2021-10-07 16:10:00,0
3.0,2021-10-07 16:10:00,0
0.0,2021-10-07 16:12:00,0
1.0,2021-10-07 16:13:00,0
0.0,2021-10-07 16:13:00,0
3.0,2021-10-07 16:14:00,0
2.0,2021-10-07 16:14:00,0
4.0,2021-10-07 16:17:00,0
5.0,2021-10-07 16:28:00,0
4.0,2021-10-07 16:28:00,0
3.0,2021-10-07 16:29:00,0
2.0,2021-10-07 16:29:00,0
0.0,2021-10-07 16:30:00,0
1.0,2021-10-07 16:34:00,0
0.0,2021-10-07 16:35:00,0
0.9999999999999999,2021-10-07 16:35:00,0
3.0,2021-10-07 16:35:00,0
4.0,2021-10-07 16:36:00,0
3.0,2021-10-07 16:48:00,0
1.0,2021-10-07 16:49:00,0
0.0,2021-10-07 16:50:00,0
3.9999999999999996,2021-10-07 16:52:00,0
0.0,2021-10-07 16:52:00,0
1.0,2021-10-07 16:56:00,0
3.0,2021-10-07 16:56:00,0
1.0,2021-10-07 16:56:00,0
2.0,2021-10-07 16:56:00,0
4.0,2021-10-07 17:07:00,0
3.0,2021-10-07 23:22:00,0
4.0,2021-10-07 23:37:00,0
3.0,2021-10-08 07:07:00,0
2.0,2021-10-08 08:07:00,0
1.0,2021-10-08 08:22:00,0
0.0,2021-10-08 08:37:00,0
3.0,2021-10-08 14:22:00,0
4.0,2021-10-08 14:52:00,0
3.0,2021-10-08 20:22:00,0
4.0,2021-10-08 20:37:00,0
3.0,2021-10-09 07:07:00,0
2.0,2021-10-09 07:22:00,0
0.0,2021-10-09 08:07:00,0
2.0,2021-10-09 14:37:00,0
3.0,2021-10-09 15:07:00,0
4.0,2021-10-09 15:22:00,0
3.0,2021-10-09 19:22:00,0
4.0,2021-10-09 19:37:00,0
3.0,2021-10-10 07:22:00,0
0.0,2021-10-10 07:37:00,0
2.0,2021-10-10 14:07:00,0
4.0,2021-10-10 14:22:00,0
3.0,2021-10-11 07:22:00,0
1.0,2021-10-11 07:37:00,0
0.0,2021-10-11 07:52:00,0
2.0,2021-10-11 14:22:00,0
3.0,2021-10-11 14:37:00,0
4.0,2021-10-11 15:22:00,0
3.0,2021-10-11 18:07:00,0
4.0,2021-10-11 18:22:00,0
3.0,2021-10-11 18:40:00,0
0.0,2021-10-11 18:40:00,0
1.0,2021-10-11 18:46:00,0
4.0,2021-10-11 18:52:00,0
3.0,2021-10-11 20:37:00,0
4.0,2021-10-11 20:52:00,0
3.0,2021-10-12 07:22:00,0
2.0,2021-10-12 08:07:00,0
1.0,2021-10-12 08:22:00,0
0.0,2021-10-12 08:37:00,0
1.0,2021-10-12 14:07:00,0
2.0,2021-10-12 14:22:00,0
3.0,2021-10-12 15:22:00,0
4.0,2021-10-12 15:37:00,0
3.0,2021-10-13 07:37:00,0
0.0,2021-10-13 07:52:00,0
1.0,2021-10-13 08:07:00,0
0.0,2021-10-13 08:22:00,0
1.0,2021-10-13 11:52:00,0
0.14641080293637188,2021-10-13 12:12:00,1
0.0,2021-10-13 12:16:00,0
1.0,2021-10-13 13:52:00,0
2.0,2021-10-13 14:07:00,0
4.0,2021-10-13 14:22:00,0
4.0,2021-10-13 15:13:00,1
4.0,2021-10-13 15:15:00,0
4.0,2021-10-13 16:19:00,1
4.0,2021-10-13 16:46:00,0
4.0,2021-10-13 17:08:00,1
4.0,2021-10-13 17:18:00,0
4.0,2021-10-13 17:40:00,1
4.0,2021-10-13 17:45:00,0
4.0,2021-10-13 18:06:00,1
4.0,2021-10-13 18:12:00,0
4.0,2021-10-13 18:34:00,1
4.0,2021-10-13 19:21:00,0
4.0,2021-10-13 19:42:00,1
4.0,2021-10-13 19:49:00,0
4.0,2021-10-13 20:48:00,1
4.0,2021-10-13 20:49:00,0
4.0,2021-10-13 21:11:00,1
4.0,2021-10-13 21:18:00,0
4.0,2021-10-13 21:39:00,1
4.0,2021-10-13 21:44:00,0
4.566071428441631,2021-10-13 22:05:00,1
5.0,2021-10-13 22:21:00,0
4.0,2021-10-13 22:29:00,0
4.0,2021-10-13 22:49:00,1
4.0,2021-10-14 00:11:00,0
4.0,2021-10-14 00:31:00,1
4.0,2021-10-14 00:58:00,0
4.0,2021-10-14 01:20:00,1
4.0,2021-10-14 01:36:00,0
4.0686415034174175,2021-10-14 01:58:00,1
6.0,2021-10-14 12:04:00,0
5.0,2021-10-14 12:06:00,0
1.0,2021-10-14 12:09:00,0
0.0,2021-10-14 12:17:00,0
1.0,2021-10-14 12:23:00,0
0.0,2021-10-14 12:37:00,0
1.0,2021-10-14 13:52:00,0
2.0,2021-10-14 14:07:00,0
4.0,2021-10-14 14:22:00,0
5.0,2021-10-14 16:14:00,0
4.0,2021-10-14 16:15:00,0
3.0,2021-10-15 05:37:00,0
4.0,2021-10-15 05:52:00,0
2.0,2021-10-15 07:52:00,0
0.0,2021-10-15 08:07:00,0
1.0,2021-10-15 13:52:00,0
2.0,2021-10-15 14:07:00,0
4.0,2021-10-15 14:22:00,0
2.0,2021-10-16 07:52:00,0
0.0,2021-10-16 08:07:00,0
2.0,2021-10-16 14:07:00,0
4.0,2021-10-16 14:22:00,0
2.0,2021-10-17 07:52:00,0
0.0,2021-10-17 08:07:00,0
1.0,2021-10-17 13:37:00,0
0.0,2021-10-17 13:52:00,0
3.0,2021-10-17 14:07:00,0
4.0,2021-10-17 14:37:00,0
1.0,2021-10-17 22:50:00,0
0.0,2021-10-17 22:50:00,0
2.0,2021-10-17 22:51:00,0
4.0,2021-10-17 22:51:00,0
3.0,2021-10-17 22:56:00,0
4.0,2021-10-17 22:56:00,0
0.0,2021-10-17 22:57:00,0
1.0,2021-10-17 22:59:00,0
2.0,2021-10-17 22:59:00,0
4.0,2021-10-17 22:59:00,0
2.0,2021-10-17 23:05:00,0
0.0,2021-10-17 23:05:00,0
2.0,2021-10-17 23:07:00,0
4.0,2021-10-17 23:07:00,0
0.0,2021-10-17 23:13:00,0
1.0,2021-10-17 23:14:00,0
3.0,2021-10-17 23:15:00,0
4.0,2021-10-17 23:15:00,0
3.0,2021-10-18 07:52:00,0
0.0,2021-10-18 08:07:00,0
2.0,2021-10-18 13:07:00,0
0.0,2021-10-18 13:22:00,0
1.0,2021-10-18 13:52:00,0
4.0,2021-10-18 14:07:00,0
3.0,2021-10-19 07:07:00,0
4.0,2021-10-19 07:22:00,0
3.0,2021-10-19 07:52:00,0
2.0,2021-10-19 08:07:00,0
0.0,2021-10-19 08:22:00,0
1.0,2021-10-19 09:22:00,0
0.0,2021-10-19 09:37:00,0
2.0,2021-10-19 14:37:00,0
3.0,2021-10-19 15:22:00,0
4.0,2021-10-19 15:37:00,0
3.0,2021-10-20 07:37:00,0
2.0,2021-10-20 08:07:00,0
0.0,2021-10-20 08:22:00,0
0.9999999999999999,2021-10-20 13:22:00,0
0.0,2021-10-20 13:52:00,0
0.9999999999999999,2021-10-20 14:22:00,0
3.0,2021-10-20 14:37:00,0
4.0,2021-10-20 15:22:00,0
3.0,2021-10-20 19:37:00,0
4.0,2021-10-20 19:52:00,0
3.0,2021-10-21 09:52:00,0
4.0,2021-10-21 10:07:00,0
3.0,2021-10-21 10:37:00,0
0.0,2021-10-21 10:52:00,0
2.0,2021-10-21 11:07:00,0
3.0,2021-10-21 11:37:00,0
4.0,2021-10-21 13:22:00,0
3.0,2021-10-22 04:52:00,0
4.0,2021-10-22 05:07:00,0
5.0,2021-10-22 06:17:00,0
4.0,2021-10-22 06:22:00,0
3.0,2021-10-22 07:52:00,0
0.0,2021-10-22 08:07:00,0
3.9999999999999996,2021-10-22 14:07:00,0
3.0,2021-10-22 16:22:00,0
4.0,2021-10-22 16:37:00,0
3.0,2021-10-23 07:52:00,0
0.0,2021-10-23 08:07:00,0
0.9999999999999999,2021-10-23 13:52:00,0
4.0,2021-10-23 14:07:00,0
5.0,2021-10-23 15:58:00,0
4.0,2021-10-23 16:07:00,0
3.0,2021-10-24 07:22:00,0
4.0,2021-10-24 07:37:00,0
0.0,2021-10-24 08:07:00,0
1.0,2021-10-24 13:52:00,0
4.0,2021-10-24 14:07:00,0
3.0,2021-10-25 07:22:00,0
2.0,2021-10-25 08:07:00,0
1.0,2021-10-25 08:22:00,0
1.1102230246251565e-16,2021-10-25 08:37:00,0
1.0,2021-10-25 14:52:00,0
2.0,2021-10-25 15:07:00,0
3.0,2021-10-25 15:22:00,0
4.0,2021-10-25 15:37:00,0
4.0,2021-10-25 23:33:00,1
4.0,2021-10-25 23:40:00,0
4.0,2021-10-26 01:46:00,1
4.0,2021-10-26 01:52:00,0
3.0,2021-10-26 03:22:00,0
4.0,2021-10-26 03:37:00,0
3.0,2021-10-26 05:52:00,0
4.0,2021-10-26 06:13:00,0
4.0,2021-10-26 06:33:00,1
4.0,2021-10-26 06:40:00,0
4.0,2021-10-26 07:59:00,1
4.0,2021-10-26 07:59:00,0
2.0808179164889333,2021-10-26 08:21:00,1
1.0,2021-10-26 08:34:00,0
0.0,2021-10-26 08:51:00,0
0.0,2021-10-26 09:20:00,1
0.0,2021-10-26 09:25:00,0
0.0,2021-10-26 11:14:00,1
0.0,2021-10-26 11:16:00,0
0.0,2021-10-26 11:56:00,1
0.0,2021-10-26 12:03:00,0
0.0,2021-10-26 12:24:00,1
0.0,2021-10-26 12:28:00,0
2.0,2021-10-26 14:03:00,0
5.0,2021-10-26 14:12:00,0
3.0,2021-10-26 14:29:00,0
4.0,2021-10-26 14:40:00,0
4.0,2021-10-26 15:13:00,1
4.0,2021-10-26 15:32:00,0
4.0,2021-10-26 15:54:00,1
4.0,2021-10-26 16:06:00,0
4.0,2021-10-26 16:32:00,1
4.0,2021-10-26 16:32:00,0
4.0,2021-10-26 16:54:00,1
4.0,2021-10-26 17:04:00,0
4.0,2021-10-26 17:44:00,1
4.0,2021-10-26 17:52:00,0
4.0,2021-10-26 18:30:00,1
4.0,2021-10-26 18:39:00,0
4.0,2021-10-26 19:50:00,1
4.0,2021-10-26 19:56:00,0
4.0,2021-10-26 20:17:00,1
4.0,2021-10-26 20:22:00,0
4.0,2021-10-26 20:49:00,1
4.0,2021-10-26 20:55:00,0
4.0,2021-10-26 21:17:00,1
4.0,2021-10-26 21:35:00,0
4.0,2021-10-26 21:57:00,1
4.0,2021-10-26 22:13:00,0
4.0,2021-10-26 22:51:00,1
4.0,2021-10-26 22:58:00,0
4.0,2021-10-26 23:44:00,1
4.0,2021-10-26 23:51:00,0
4.0,2021-10-27 00:12:00,1
4.0,2021-10-27 00:20:00,0
4.0,2021-10-27 00:44:00,1
4.0,2021-10-27 00:50:00,0
4.0,2021-10-27 01:10:00,1
4.0,2021-10-27 01:40:00,0
4.0,2021-10-27 03:00:00,1
4.0,2021-10-27 03:08:00,0
4.0,2021-10-27 03:47:00,1
4.0,2021-10-27 03:58:00,0
4.0,2021-10-27 05:05:00,1
4.0,2021-10-27 05:24:00,0
4.0,2021-10-27 05:45:00,1
4.0,2021-10-27 06:04:00,0
4.0,2021-10-27 07:15:00,1
4.0,2021-10-27 08:04:00,0
4.0,2021-10-27 08:40:00,1
4.0,2021-10-27 08:42:00,0
0.0,2021-10-27 09:07:00,0
0.0,2021-10-27 10:12:00,1
0.0,2021-10-27 10:31:00,0
0.0,2021-10-27 11:09:00,1
0.0,2021-10-27 11:25:00,0
1.0,2021-10-27 12:52:00,0
0.0,2021-10-27 13:07:00,0
0.0,2021-10-28 08:45:00,1
0.0,2021-10-28 10:54:00,0
0.42093248489064866,2021-10-28 11:14:00,1
5.0,2021-10-28 14:54:00,0
6.0,2021-10-28 14:56:00,0
5.0,2021-10-28 15:08:00,0
4.0,2021-10-28 17:27:00,0
5.0,2021-10-28 17:38:00,0
6.0,2021-10-28 21:50:00,0
5.0,2021-10-28 21:53:00,0
6.0,2021-10-28 22:42:00,0
5.0,2021-10-28 22:53:00,0
6.0,2021-10-28 23:06:00,0
5.0,2021-10-28 23:09:00,0
4.0,2021-10-29 00:05:00,0
5.0,2021-10-29 00:08:00,0
4.0,2021-10-29 00:49:00,0
5.0,2021-10-29 00:53:00,0
4.230578921413191,2021-10-29 01:45:00,1
4.0,2021-10-29 02:01:00,0
5.0,2021-10-29 02:17:00,0
4.0,2021-10-29 03:07:00,0
5.0,2021-10-29 03:08:00,0
4.0,2021-10-29 03:41:00,0
5.0,2021-10-29 03:56:00,0
4.0,2021-10-29 04:16:00,0
5.0,2021-10-29 04:24:00,0
4.0,2021-10-29 04:35:00,0
5.0,2021-10-29 04:39:00,0
4.0,2021-10-29 04:52:00,0
5.0,2021-10-29 04:53:00,0
4.0,2021-10-29 05:10:00,0
5.0,2021-10-29 05:23:00,0
4.0,2021-10-29 05:31:00,0
5.0,2021-10-29 05:38:00,0
6.0,2021-10-29 05:48:00,0
5.0,2021-10-29 05:53:00,0
6.0,2021-10-29 06:11:00,0
4.0,2021-10-29 06:26:00,0
5.0,2021-10-29 06:38:00,0
6.0,2021-10-29 06:43:00,0
5.0,2021-10-29 06:53:00,0
6.0,2021-10-29 07:03:00,0
5.0,2021-10-29 07:09:00,0
4.0,2021-10-29 07:20:00,0
5.0,2021-10-29 07:23:00,0
4.0,2021-10-29 07:42:00,0
5.0,2021-10-29 07:54:00,0
4.0,2021-10-29 07:58:00,0
3.0,2021-10-29 08:08:00,0
1.0,2021-10-29 08:23:00,0
0.0,2021-10-29 08:38:00,0
1.0,2021-10-29 14:07:00,0
2.0,2021-10-29 14:22:00,0
4.0,2021-10-29 14:30:00,0
3.0,2021-10-29 14:37:00,0
5.0,2021-10-29 14:49:00,0
4.0,2021-10-29 14:52:00,0
3.0,2021-10-30 07:52:00,0
1.0,2021-10-30 08:07:00,0
3.0,2021-10-30 08:37:00,0
2.0,2021-10-30 08:52:00,0
0.0,2021-10-30 09:07:00,0
1.0,2021-10-30 09:52:00,0
0.0,2021-10-30 10:07:00,0
1.0,2021-10-30 10:22:00,0
0.0,2021-10-30 10:37:00,0
1.0,2021-10-30 12:37:00,0
2.0,2021-10-30 13:07:00,0
3.0,2021-10-30 13:22:00,0
4.0,2021-10-30 13:52:00,0
3.0,2021-10-30 19:37:00,0
4.0,2021-10-30 19:52:00,0
3.0,2021-10-31 04:37:00,0
4.0,2021-10-31 04:52:00,0
3.0,2021-10-31 06:37:00,0
4.0,2021-10-31 06:52:00,0
3.0,2021-10-31 07:37:00,0
2.0,2021-10-31 07:52:00,0
1.0,2021-10-31 08:37:00,0
0.0,2021-10-31 08:52:00,0
1.0,2021-10-31 09:22:00,0
0.0,2021-10-31 09:37:00,0
1.0,2021-10-31 11:37:00,0
0.0,2021-10-31 12:07:00,0
2.0,2021-10-31 12:37:00,0
3.0,2021-10-31 12:52:00,0
4.0,2021-10-31 13:22:00,0
3.0,2021-10-31 18:37:00,0
4.0,2021-10-31 18:52:00,0
3.0,2021-11-01 14:37:00,0
4.0,2021-11-01 14:52:00,0
3.0,2021-11-01 23:52:00,0
4.0,2021-11-02 00:07:00,0
0.0,2021-11-02 08:22:00,0
1.0,2021-11-02 14:37:00,0
2.0,2021-11-02 14:52:00,0
3.0,2021-11-02 15:07:00,0
4.0,2021-11-02 15:22:00,0
3.0,2021-11-03 03:07:00,0
4.0,2021-11-03 03:22:00,0
3.0,2021-11-03 10:37:00,0
4.0,2021-11-03 11:22:00,0
3.0,2021-11-03 11:52:00,0
4.0,2021-11-03 12:07:00,0
2.0,2021-11-03 13:37:00,0
4.0,2021-11-03 13:52:00,0
4.0,2021-11-03 15:59:00,1
4.0,2021-11-03 16:07:00,0
3.0,2021-11-03 16:22:00,0
4.0,2021-11-03 16:37:00,0
3.0,2021-11-04 07:07:00,0
4.0,2021-11-04 07:22:00,0
3.0,2021-11-04 07:52:00,0
1.0,2021-11-04 08:22:00,0
0.0,2021-11-04 08:52:00,0
1.0,2021-11-04 14:22:00,0
2.0,2021-11-04 14:52:00,0
4.0,2021-11-04 15:07:00,0
2.0,2021-11-05 08:22:00,0
0.0,2021-11-05 08:37:00,0
2.0,2021-11-05 13:52:00,0
4.0,2021-11-05 14:07:00,0
3.0,2021-11-06 08:22:00,0
0.0,2021-11-06 08:37:00,0
4.0,2021-11-06 13:52:00,0
3.0,2021-11-06 21:22:00,0
4.0,2021-11-06 21:37:00,0
3.0,2021-11-07 04:07:00,0
4.0,2021-11-07 04:22:00,0
3.0,2021-11-07 08:22:00,0
0.0,2021-11-07 08:37:00,0
4.0,2021-11-07 13:52:00,0
0.08944467390452537,2021-11-08 08:56:00,1
0.0,2021-11-08 09:22:00,0
3.9999999999999996,2021-11-08 13:52:00,0
0.0,2021-11-09 08:37:00,0
0.0,2021-11-09 10:42:00,1
0.0,2021-11-09 11:03:00,0
3.0,2021-11-09 13:52:00,0
4.0,2021-11-09 14:07:00,0
3.0,2021-11-09 17:37:00,0
4.0,2021-11-09 17:52:00,0
3.0,2021-11-10 07:52:00,0
2.0,2021-11-10 08:37:00,0
3.0,2021-11-10 08:52:00,0
4.0,2021-11-10 09:37:00,0
3.0,2021-11-11 08:07:00,0
0.0,2021-11-11 08:37:00,0
2.0,2021-11-11 08:52:00,0
3.0,2021-11-11 09:22:00,0
4.0,2021-11-11 09:37:00,0
4.0,2021-11-11 10:57:00,1
4.0,2021-11-11 11:22:00,0
0.0,2021-11-12 08:37:00,0
0.0,2021-11-12 09:43:00,1
0.0,2021-11-12 09:48:00,0
3.0,2021-11-12 10:08:00,0
4.0,2021-11-12 10:53:00,0
5.0,2021-11-12 14:08:00,0
4.0,2021-11-12 17:07:00,0
3.0,2021-11-13 00:37:00,0
4.0,2021-11-13 00:52:00,0
3.0,2021-11-13 07:52:00,0
4.0,2021-11-13 14:37:00,0
3.0,2021-11-14 09:22:00,0
4.0,2021-11-14 11:22:00,0
3.0,2021-11-14 13:52:00,0
4.0,2021-11-14 14:06:00,0
3.0,2021-11-15 07:52:00,0
4.0,2021-11-15 08:37:00,0
3.0,2021-11-16 08:22:00,0
4.0,2021-11-16 09:22:00,0
5.0,2021-11-18 06:40:00,0
4.0,2021-11-18 06:52:00,0
3.0,2021-11-18 08:37:00,0
4.0,2021-11-18 09:22:00,0
4.0,2021-11-18 09:58:00,1
4.0,2021-11-18 10:07:00,0
5.0,2021-11-18 14:59:00,0
4.0,2021-11-18 15:07:00,0
5.0,2021-11-18 15:22:00,0
7.0,2021-11-18 16:09:00,0
5.0,2021-11-18 16:24:00,0
4.0,2021-11-18 16:37:00,0
3.0,2021-11-19 08:22:00,0
4.0,2021-11-19 09:07:00,0
3.0,2021-11-20 08:52:00,0
4.0,2021-11-20 09:07:00,0
3.0,2021-11-21 08:52:00,0
4.0,2021-11-21 09:22:00,0
5.0,2021-11-21 15:25:00,0
4.0,2021-11-21 15:37:00,0
3.0,2021-11-22 20:07:00,0
4.0,2021-11-22 20:22:00,0
3.0,2021-11-23 08:07:00,0
4.0,2021-11-23 09:52:00,0
5.0,2021-11-24 04:25:00,0
4.0,2021-11-24 04:26:00,0
0.0,2021-11-24 08:52:00,0
4.0,2021-11-24 13:52:00,0
3.0,2021-11-25 08:07:00,0
2.0,2021-11-25 08:37:00,0
1.0,2021-11-25 09:07:00,0
2.0,2021-11-25 09:22:00,0
1.0,2021-11-25 09:37:00,0
0.0,2021-11-25 09:52:00,0
1.0,2021-11-25 10:22:00,0
0.0,2021-11-25 10:52:00,0
1.0,2021-11-25 11:37:00,0
0.0,2021-11-25 11:52:00,0
2.0,2021-11-25 12:07:00,0
1.0,2021-11-25 12:22:00,0
2.0,2021-11-25 12:37:00,0
3.0,2021-11-25 12:52:00,0
4.0,2021-11-25 13:22:00,0
3.0,2021-11-25 13:37:00,0
2.0,2021-11-25 14:07:00,0
4.0,2021-11-25 14:22:00,0
3.0,2021-11-25 19:22:00,0
4.0,2021-11-25 19:37:00,0
3.0,2021-11-25 21:52:00,0
4.0,2021-11-25 22:07:00,0
3.0,2021-11-26 07:52:00,0
2.0,2021-11-26 08:22:00,0
1.0,2021-11-26 09:07:00,0
0.0,2021-11-26 09:22:00,0
1.0,2021-11-26 13:07:00,0
2.0,2021-11-26 13:37:00,0
3.0,2021-11-26 13:52:00,0
4.0,2021-11-26 14:22:00,0
3.0,2021-11-26 16:07:00,0
4.0,2021-11-26 16:22:00,0
3.0,2021-11-26 18:07:00,0
4.0,2021-11-26 18:37:00,0
3.0,2021-11-27 09:37:00,0
4.0,2021-11-27 09:52:00,0
3.0,2021-11-27 10:07:00,0
0.0,2021-11-27 10:22:00,0
1.0,2021-11-27 10:37:00,0
0.0,2021-11-27 10:52:00,0
1.0,2021-11-27 13:52:00,0
0.0,2021-11-27 14:07:00,0
3.0,2021-11-27 14:22:00,0
4.0,2021-11-27 14:37:00,0
3.0,2021-11-28 08:52:00,0
1.0,2021-11-28 09:07:00,0
0.0,2021-11-28 09:22:00,0
2.0,2021-11-28 09:52:00,0
0.0,2021-11-28 10:22:00,0
1.0,2021-11-28 14:07:00,0
2.0,2021-11-28 14:22:00,0
3.0,2021-11-28 14:37:00,0
4.0,2021-11-28 14:52:00,0
3.0,2021-11-29 07:37:00,0
2.0,2021-11-29 08:07:00,0
1.0,2021-11-29 08:37:00,0
0.0,2021-11-29 08:52:00,0
2.0,2021-11-29 13:52:00,0
3.0,2021-11-29 14:22:00,0
4.0,2021-11-29 14:52:00,0
5.0,2021-11-29 17:07:00,0
4.0,2021-11-29 18:07:00,0
3.0,2021-11-29 19:52:00,0
4.0,2021-11-29 20:07:00,0
3.0,2021-11-30 03:07:00,0
4.0,2021-11-30 03:22:00,0
3.0,2021-11-30 03:52:00,0
4.0,2021-11-30 04:22:00,0
3.0,2021-11-30 05:37:00,0
4.0,2021-11-30 05:52:00,0
2.0,2021-11-30 08:52:00,0
0.0,2021-11-30 09:07:00,0
0.9999999999999999,2021-11-30 13:52:00,0
2.0,2021-11-30 14:22:00,0
3.0,2021-11-30 14:37:00,0
4.0,2021-11-30 14:52:00,0
0.0,2021-12-01 09:07:00,0
3.0,2021-12-02 08:07:00,0
-4.440892098500626e-16,2021-12-02 09:07:00,0
1.0,2021-12-02 13:52:00,0
2.0,2021-12-02 14:07:00,0
3.0,2021-12-02 14:37:00,0
4.0,2021-12-02 14:52:00,0
5.0,2021-12-02 15:29:00,0
4.0,2021-12-02 15:37:00,0
3.0,2021-12-02 19:52:00,0
4.0,2021-12-02 20:07:00,0
0.0,2021-12-03 09:07:00,0
1.0,2021-12-03 13:37:00,0
4.0,2021-12-03 13:52:00,0
5.0,2021-12-03 14:26:00,0
4.0,2021-12-03 16:22:00,0
3.0,2021-12-04 02:07:00,0
4.0,2021-12-04 02:37:00,0
3.0,2021-12-04 03:22:00,0
4.0,2021-12-04 03:37:00,0
3.0,2021-12-04 06:22:00,0
4.0,2021-12-04 06:37:00,0
3.0,2021-12-04 08:22:00,0
2.0,2021-12-04 08:52:00,0
0.0,2021-12-04 09:07:00,0
3.0,2021-12-04 13:37:00,0
4.0,2021-12-04 13:52:00,0
3.0,2021-12-04 16:22:00,0
4.0,2021-12-04 16:37:00,0
3.0,2021-12-05 08:52:00,0
2.0,2021-12-05 09:07:00,0
1.0,2021-12-05 09:37:00,0
0.0,2021-12-05 09:52:00,0
3.0,2021-12-05 13:52:00,0
4.0,2021-12-05 14:37:00,0
3.0,2021-12-05 20:52:00,0
4.0,2021-12-05 21:07:00,0
0.0,2021-12-06 09:07:00,0
3.9999999999999996,2021-12-06 13:52:00,0
5.0,2021-12-06 17:04:00,0
4.0,2021-12-06 17:07:00,0
3.0,2021-12-06 21:52:00,0
4.0,2021-12-06 22:07:00,0
3.0,2021-12-07 02:07:00,0
4.0,2021-12-07 02:22:00,0
3.0,2021-12-07 06:37:00,0
4.0,2021-12-07 06:52:00,0
3.0,2021-12-07 08:22:00,0
2.0,2021-12-07 08:52:00,0
0.0,2021-12-07 09:07:00,0
4.0,2021-12-07 13:52:00,0
3.0,2021-12-08 03:52:00,0
4.0,2021-12-08 04:07:00,0
3.0,2021-12-08 21:52:00,0
4.0,2021-12-08 22:07:00,0
5.0,2021-12-09 06:58:00,0
4.0,2021-12-09 07:07:00,0
3.0,2021-12-09 07:37:00,0
2.0,2021-12-09 08:07:00,0
1.0,2021-12-09 08:22:00,0
0.0,2021-12-09 08:37:00,0
1.0,2021-12-09 08:52:00,0
0.0,2021-12-09 09:07:00,0
1.0,2021-12-09 14:22:00,0
2.0,2021-12-09 14:37:00,0
3.0,2021-12-09 14:52:00,0
4.0,2021-12-09 15:07:00,0
3.0,2021-12-10 01:52:00,0
4.0,2021-12-10 02:07:00,0
3.0,2021-12-10 03:22:00,0
4.0,2021-12-10 03:37:00,0
3.0,2021-12-10 06:22:00,0
4.0,2021-12-10 06:37:00,0
3.0,2021-12-10 06:52:00,0
4.0,2021-12-10 07:01:00,0
4.0,2021-12-10 07:29:00,1
4.0,2021-12-10 07:37:00,0
3.0,2021-12-10 08:07:00,0
2.0,2021-12-10 08:22:00,0
0.0,2021-12-10 08:37:00,0
1.0,2021-12-10 09:22:00,0
2.0,2021-12-10 09:37:00,0
3.0,2021-12-10 11:07:00,0
2.0,2021-12-10 11:22:00,0
1.0,2021-12-10 11:37:00,0
0.0,2021-12-10 11:52:00,0
1.0,2021-12-10 13:22:00,0
2.0,2021-12-10 13:37:00,0
4.0,2021-12-10 14:07:00,0
3.0,2021-12-10 19:07:00,0
4.0,2021-12-10 19:22:00,0
3.0,2021-12-10 20:52:00,0
4.0,2021-12-10 21:07:00,0
3.0,2021-12-11 05:07:00,0
4.0,2021-12-11 05:22:00,0
3.0,2021-12-11 08:22:00,0
2.0,2021-12-11 08:37:00,0
1.0,2021-12-11 09:07:00,0
0.0,2021-12-11 09:22:00,0
3.0,2021-12-11 13:52:00,0
4.0,2021-12-11 14:07:00,0
4.0,2021-12-12 05:50:00,1
4.0,2021-12-12 05:52:00,0
0.0,2021-12-12 09:22:00,0
1.0,2021-12-12 10:15:00,0
0.0,2021-12-12 10:37:00,0
4.0,2021-12-12 11:07:00,0
3.0,2021-12-13 00:37:00,0
4.0,2021-12-13 00:52:00,0
1.0,2021-12-13 09:22:00,0
4.0,2021-12-13 09:37:00,0
3.0,2021-12-14 08:07:00,0
2.0,2021-12-14 09:22:00,0
1.0,2021-12-14 10:07:00,0
0.0,2021-12-14 10:22:00,0
1.0,2021-12-14 10:52:00,0
2.0,2021-12-14 11:37:00,0
0.0,2021-12-14 11:52:00,0
1.0,2021-12-14 12:07:00,0
0.0,2021-12-14 12:22:00,0
3.0,2021-12-14 13:52:00,0
2.0,2021-12-14 14:07:00,0
4.0,2021-12-14 14:37:00,0
3.0,2021-12-15 08:52:00,0
0.0,2021-12-15 09:22:00,0
3.9999999999999996,2021-12-15 16:37:00,0
3.0,2021-12-16 07:37:00,0
4.0,2021-12-16 07:52:00,0
0.0,2021-12-16 09:22:00,0
4.0,2021-12-16 13:52:00,0
3.0,2021-12-17 07:52:00,0
4.0,2021-12-17 08:07:00,0
0.0,2021-12-17 09:22:00,0
4.0,2021-12-17 13:52:00,0
5.0,2021-12-17 21:00:00,0
4.0,2021-12-17 21:07:00,0
3.0,2021-12-18 02:07:00,0
4.0,2021-12-18 02:22:00,0
6.0,2021-12-18 03:01:00,0
4.0,2021-12-18 03:07:00,0
6.0,2021-12-18 08:47:00,0
5.0,2021-12-18 08:52:00,0
4.0,2021-12-18 09:01:00,0
5.0,2021-12-18 09:07:00,0
0.0,2021-12-18 09:22:00,0
4.0,2021-12-18 13:52:00,0
5.0,2021-12-18 15:01:00,0
4.0,2021-12-18 15:07:00,0
5.0,2021-12-18 21:01:00,0
4.0,2021-12-18 21:07:00,0
3.0,2021-12-19 04:07:00,0
4.0,2021-12-19 04:22:00,0
0.0,2021-12-19 09:22:00,0
4.0,2021-12-19 13:52:00,0
3.0,2021-12-20 02:37:00,0
4.0,2021-12-20 02:52:00,0
4.0,2021-12-20 03:29:00,1
4.0,2021-12-20 04:07:00,0
4.440892098500626e-16,2021-12-20 09:22:00,0
4.0,2021-12-20 13:52:00,0
3.0,2021-12-21 04:07:00,0
4.0,2021-12-21 04:22:00,0
3.0,2021-12-21 06:07:00,0
4.0,2021-12-21 06:22:00,0
3.0,2021-12-21 09:22:00,0
1.0,2021-12-21 09:52:00,0
0.0,2021-12-21 10:07:00,0
2.0,2021-12-21 10:22:00,0
3.0,2021-12-21 10:37:00,0
4.0,2021-12-21 12:49:00,0
3.0,2021-12-21 12:52:00,0
4.0,2021-12-21 14:22:00,0
3.0,2021-12-21 18:22:00,0
4.0,2021-12-21 18:37:00,0
3.0,2021-12-21 20:52:00,0
4.0,2021-12-21 21:07:00,0
3.0,2021-12-22 03:07:00,0
4.0,2021-12-22 03:22:00,0
3.0,2021-12-22 07:22:00,0
4.0,2021-12-22 07:28:00,0
3.0,2021-12-22 09:37:00,0
4.0,2021-12-22 10:52:00,0
3.0,2021-12-22 19:07:00,0
4.0,2021-12-22 19:22:00,0
3.0,2021-12-23 00:52:00,0
4.0,2021-12-23 01:07:00,0
3.0,2021-12-23 02:22:00,0
4.0,2021-12-23 02:37:00,0
3.0,2021-12-24 22:22:00,0
4.0,2021-12-24 22:37:00,0
5.0,2021-12-25 02:17:00,0
4.0,2021-12-25 02:20:00,0
3.0,2021-12-25 05:52:00,0
4.0,2021-12-25 06:07:00,0
3.0,2021-12-25 06:37:00,0
4.0,2021-12-25 06:52:00,0
5.0,2021-12-25 15:12:00,0
4.0,2021-12-25 15:14:00,0
3.0,2021-12-26 03:37:00,0
4.0,2021-12-26 03:52:00,0
3.0,2021-12-26 17:07:00,0
4.0,2021-12-26 17:22:00,0
5.0,2021-12-28 10:14:00,0
4.0,2021-12-28 10:22:00,0
4.0,2021-12-28 14:57:00,1
4.0,2021-12-28 15:07:00,0
5.0,2021-12-29 00:44:00,0
4.0,2021-12-29 00:46:00,0
5.0,2021-12-29 00:56:00,0
4.0,2021-12-29 00:58:00,0
5.0,2021-12-29 01:00:00,0
4.0,2021-12-29 01:01:00,0
5.0,2021-12-30 07:17:00,0
4.0,2021-12-30 07:22:00,0
5.0,2021-12-30 09:07:00,0
4.0,2021-12-30 09:07:00,0
3.0926219006705686,2021-12-30 12:28:00,1
3.0,2021-12-30 12:48:00,0
2.0,2021-12-30 12:58:00,0
3.0,2021-12-30 13:06:00,0
2.0,2021-12-30 13:10:00,0
3.0,2021-12-30 15:35:00,0
2.0,2021-12-30 15:37:00,0
2.0,2021-12-30 18:42:00,1
2.0,2021-12-30 18:52:00,0
2.167694840624083,2021-12-30 21:13:00,1
3.0,2021-12-31 08:52:00,0
0.0,2021-12-31 08:55:00,0
3.0,2021-12-31 08:57:00,0
0.0,2021-12-31 09:21:00,0
4.0,2021-12-31 13:52:00,0
5.0,2021-12-31 15:12:00,0
6.0,2021-12-31 15:23:00,0
5.0,2021-12-31 15:25:00,0
5.0,2021-12-31 17:36:00,1
5.0,2022-01-01 23:14:00,0
0.0,2022-01-02 09:48:00,0
4.0,2022-01-03 15:00:00,0
5.0,2022-01-03 15:31:00,0
3.384140356110211,2022-01-04 09:34:00,1
3.0,2022-01-04 13:52:00,0
4.0,2022-01-04 14:07:00,0
4.0,2022-01-05 09:42:00,1
4.0,2022-01-05 09:43:00,0
5.0,2022-01-05 09:56:00,0
4.0,2022-01-05 10:07:00,0
3.0,2022-01-05 11:37:00,0
2.0,2022-01-05 12:52:00,0
3.0,2022-01-05 13:37:00,0
4.0,2022-01-05 14:37:00,0
3.0,2022-01-05 14:52:00,0
3.2137037036785236,2022-01-05 15:21:00,1
4.0,2022-01-05 17:07:00,0
0.0,2022-01-06 09:22:00,0
3.9999999999999996,2022-01-06 14:07:00,0
3.0,2022-01-07 01:37:00,0
4.0,2022-01-07 01:52:00,0
3.0,2022-01-07 09:52:00,0
4.0,2022-01-07 10:07:00,0
3.0,2022-01-07 12:37:00,0
4.0,2022-01-07 12:52:00,0
5.0,2022-01-09 08:05:00,0
4.0,2022-01-09 08:07:00,0
3.0,2022-01-09 11:08:00,0
0.00719855970836436,2022-01-09 11:36:00,1
-4.440892098500626e-16,2022-01-09 11:36:00,0
3.0,2022-01-09 11:45:00,0
2.0,2022-01-09 11:53:00,0
3.0,2022-01-09 12:00:00,0
2.0,2022-01-09 12:07:00,0
3.0,2022-01-09 15:18:00,0
2.0,2022-01-09 15:22:00,0
3.0,2022-01-09 15:26:00,0
2.0,2022-01-09 15:37:00,0
2.1741832235272587,2022-01-09 18:28:00,1
3.0,2022-01-10 07:56:00,0
2.0,2022-01-10 08:07:00,0
3.0,2022-01-10 08:14:00,0
2.0,2022-01-10 08:22:00,0
3.0,2022-01-10 13:14:00,0
2.0,2022-01-10 13:22:00,0
0.0,2022-01-10 14:42:00,0
3.0,2022-01-10 14:42:00,0
2.0,2022-01-10 14:58:00,0
3.0,2022-01-10 15:00:00,0
0.0,2022-01-10 15:02:00,0
3.0,2022-01-10 15:05:00,0
3.0,2022-01-10 15:28:00,1
3.0,2022-01-10 16:26:00,1
3.0,2022-01-11 08:32:00,0
-4.440892098500626e-16,2022-01-11 08:36:00,0
3.0,2022-01-11 08:38:00,0
0.0,2022-01-11 08:42:00,0
3.0,2022-01-11 08:43:00,0
2.0,2022-01-11 08:46:00,0
3.0,2022-01-11 08:51:00,0
2.0,2022-01-11 09:22:00,0
3.0,2022-01-11 11:41:00,0
2.0,2022-01-11 11:52:00,0
0.0,2022-01-11 14:20:00,0
3.0000000000000004,2022-01-11 14:21:00,0
2.0,2022-01-11 14:22:00,0
3.0,2022-01-11 14:23:00,0
2.0,2022-01-11 14:38:00,0
3.0,2022-01-11 14:38:00,0
0.0,2022-01-11 14:48:00,0
3.0,2022-01-11 14:50:00,0
0.0,2022-01-11 14:51:00,0
3.0,2022-01-11 14:51:00,0
2.918547580345055,2022-01-11 15:20:00,1
0.0,2022-01-12 08:37:00,0
3.0,2022-01-12 08:37:00,0
0.0,2022-01-12 08:38:00,0
3.0,2022-01-12 08:40:00,0
2.9908781360508065,2022-01-12 09:10:00,1
2.5784452267673963,2022-01-13 08:20:00,1
0.0,2022-01-19 09:07:00,0
0.0,2022-01-19 11:28:00,1
0.0,2022-01-20 08:28:00,0
0.0,2022-01-20 08:49:00,1
0.0,2022-01-20 09:02:00,0
0.0,2022-01-20 10:44:00,1
0.0,2022-01-21 09:12:00,0
0.0,2022-01-21 14:13:00,1
0.0,2022-01-22 08:33:00,0
0.0,2022-01-22 13:43:00,1
0.0,2022-01-24 09:05:00,0
0.0,2022-01-24 14:13:00,1
0.0,2022-01-25 09:04:00,0
0.0,2022-01-25 12:13:00,1
0.0,2022-01-27 08:27:00,0
0.0,2022-01-27 11:43:00,1
0.0,2022-01-28 08:57:00,0
0.0,2022-01-28 14:12:00,1
0.0,2022-01-28 15:02:00,0
0.0,2022-01-28 15:43:00,1
0.0,2022-01-29 09:00:00,0
0.0,2022-01-29 14:12:00,1
0.0,2022-01-30 08:55:00,0
0.0,2022-01-30 11:12:00,1
0.0,2022-01-31 08:13:00,0
0.0,2022-01-31 15:58:00,1
0.0,2022-02-01 07:45:00,0
0.0,2022-02-01 15:58:00,1
0.0,2022-02-03 08:49:00,0
0.0,2022-02-03 11:13:00,1
0.0,2022-02-04 08:52:00,0
0.0,2022-02-04 11:13:00,1
0.0,2022-02-05 07:36:00,0
0.0,2022-02-05 10:57:00,1
0.0,2022-02-06 07:52:00,0
0.0,2022-02-06 10:57:00,1
0.0,2022-02-09 08:32:00,0
0.0,2022-02-09 10:13:00,1
0.0,2022-02-10 08:31:00,0
0.0,2022-02-10 11:28:00,1
0.0,2022-02-11 07:31:00,0
0.0,2022-02-11 08:15:00,1
0.0,2022-02-11 08:20:00,0
0.0,2022-02-11 11:28:00,1
0.0,2022-02-12 08:34:00,0
0.0,2022-02-12 10:28:00,1
0.0,2022-02-13 08:28:00,0
0.0,2022-02-13 10:13:00,1
0.0,2022-02-16 07:30:00,0
0.0,2022-02-16 10:42:00,1
0.0,2022-02-17 07:00:00,0
0.0,2022-02-17 10:12:00,1
0.0,2022-02-18 08:19:00,0
0.0,2022-02-18 09:12:00,1
0.0,2022-02-19 07:38:00,0
0.0,2022-02-19 07:58:00,1
0.0,2022-02-19 08:00:00,0
0.0,2022-02-19 10:43:00,1
0.0,2022-02-20 08:17:00,0
0.0,2022-02-20 09:28:00,1
0.0,2022-02-21 08:17:00,0
0.0,2022-02-21 09:57:00,1
0.0,2022-02-21 10:18:00,0
0.0,2022-02-21 11:07:00,0
0.0,2022-02-21 12:12:00,1
0.0,2022-02-22 07:22:00,0
0.0,2022-02-22 10:28:00,1
0.0,2022-02-23 08:16:00,0
0.0,2022-02-23 08:52:00,1
0.0,2022-02-24 07:15:00,0
0.0,2022-02-24 10:12:00,1
0.0,2022-02-25 07:27:00,0
0.0,2022-02-25 10:57:00,1
0.0,2022-02-26 08:08:00,0
0.0,2022-02-26 10:12:00,1
0.0,2022-02-27 08:06:00,0
0.0,2022-02-27 10:27:00,1
0.0,2022-02-28 07:49:00,0
0.0,2022-02-28 10:42:00,1
0.0,2022-03-01 07:22:00,0
0.0,2022-03-01 10:28:00,1
0.0,2022-03-02 08:00:00,0
0.0,2022-03-02 10:26:00,1
0.0,2022-03-04 07:39:00,0
0.0,2022-03-04 08:43:00,1
0.0,2022-03-05 07:38:00,0
0.0,2022-03-05 09:42:00,1
0.0,2022-03-06 07:37:00,0
0.0,2022-03-06 10:13:00,1
0.0,2022-03-07 07:35:00,0
0.0,2022-03-08 10:13:00,1
0.0,2022-03-09 07:32:00,0
0.0,2022-03-09 13:14:00,1
0.0,2022-03-10 07:35:00,0
0.0,2022-03-10 08:57:00,1
0.0,2022-03-11 07:24:00,0
0.0,2022-03-11 10:42:00,1
